{
	"id": 101,
	"title": "Samsung J10",
	"description": "A samsung mobile which is the best and very cheap",
	"price": 125,
	"discountPercentage": 12.96,
	"rating": 4.21,
	"stock": 50,
	"brand": "Samsung",
	"category": "smartphones",
	"thumbnail": "https://i.dummyjson.com/data/products/101/thumbnail.jpg",
	"images": [
		"https://i.dummyjson.com/data/products/101/1.jpg",
		"https://i.dummyjson.com/data/products/101/2.jpg",
		"https://i.dummyjson.com/data/products/101/3.jpg",
		"https://i.dummyjson.com/data/products/101/4.jpg",
		"https://i.dummyjson.com/data/products/101/thumbnail.jpg"
	]
}